Id,party
0,erc
1,erc
2,erc
3,erc
4,erc
5,erc
6,erc
7,erc
8,erc
9,erc
10,erc
11,erc
12,erc
13,erc
14,erc
15,erc
16,erc
17,erc
18,erc
19,erc
20,erc
21,erc
22,erc
23,erc
24,erc
25,erc
26,erc
27,erc
28,erc
29,erc
30,erc
31,erc
32,erc
33,erc
34,erc
35,erc
36,erc
37,erc
38,erc
39,erc
40,erc
41,erc
42,erc
43,erc
44,erc
45,erc
46,erc
47,erc
48,erc
49,erc
50,erc
51,erc
52,erc
53,erc
54,erc
55,erc
56,erc
57,erc
58,erc
59,erc
60,erc
61,erc
62,erc
63,erc
64,erc
65,erc
66,erc
67,erc
68,erc
69,erc
70,erc
71,erc
72,erc
73,erc
74,erc
75,erc
76,erc
77,erc
78,erc
79,erc
80,erc
81,erc
82,erc
83,erc
84,erc
85,erc
86,erc
87,erc
88,erc
89,erc
90,erc
91,erc
92,erc
93,erc
94,erc
95,erc
96,erc
97,erc
98,erc
99,erc
100,erc
101,erc
102,erc
103,erc
104,erc
105,erc
106,erc
107,erc
108,erc
109,erc
110,erc
111,erc
112,erc
113,erc
114,erc
115,erc
116,erc
117,erc
118,erc
119,erc
120,erc
121,erc
122,erc
123,erc
124,erc
125,erc
126,erc
127,erc
128,erc
129,erc
130,erc
131,erc
132,erc
133,erc
134,erc
135,erc
136,erc
137,erc
138,erc
139,erc
140,erc
141,erc
142,erc
143,erc
144,erc
145,erc
146,erc
147,erc
148,erc
149,erc
150,erc
151,erc
152,erc
153,erc
154,erc
155,erc
156,erc
157,erc
158,erc
159,erc
160,erc
161,erc
162,erc
163,erc
164,erc
165,erc
166,erc
167,erc
168,erc
169,erc
170,erc
171,erc
172,erc
173,erc
174,erc
175,erc
176,erc
177,erc
178,erc
179,erc
180,erc
181,erc
182,erc
183,erc
184,erc
185,erc
186,erc
187,erc
188,erc
189,erc
190,erc
191,erc
192,erc
193,erc
194,erc
195,erc
196,erc
197,erc
198,erc
199,erc
200,erc
201,erc
202,erc
203,erc
204,erc
205,erc
206,erc
207,erc
208,erc
209,erc
210,erc
211,erc
212,erc
213,erc
214,erc
215,erc
216,erc
217,erc
218,erc
219,erc
220,erc
221,erc
222,erc
223,erc
224,erc
225,erc
226,erc
227,erc
228,erc
229,erc
230,erc
231,erc
232,erc
233,erc
234,erc
235,erc
236,erc
237,erc
238,erc
239,erc
240,erc
241,erc
242,erc
243,erc
244,erc
245,erc
246,erc
247,erc
248,erc
249,erc
250,erc
251,erc
252,erc
253,erc
254,erc
255,erc
256,erc
257,erc
258,erc
259,erc
260,erc
261,erc
262,erc
263,erc
264,erc
265,erc
266,erc
267,erc
268,erc
269,erc
270,erc
271,erc
272,erc
273,erc
274,erc
275,erc
276,erc
277,erc
278,erc
279,erc
280,erc
281,erc
282,erc
283,erc
284,erc
285,erc
286,erc
287,erc
288,erc
289,erc
290,erc
291,erc
292,erc
293,erc
294,erc
295,erc
296,erc
297,erc
298,erc
299,erc
300,erc
301,erc
302,erc
303,erc
304,erc
305,erc
306,erc
307,erc
308,erc
309,erc
310,erc
311,erc
312,erc
313,erc
314,erc
315,erc
316,erc
317,erc
318,erc
319,erc
320,erc
321,erc
322,erc
323,erc
324,erc
325,erc
326,erc
327,erc
328,erc
329,erc
330,erc
331,erc
332,erc
333,erc
334,erc
335,erc
336,erc
337,erc
338,erc
339,erc
340,erc
341,erc
342,erc
343,erc
344,erc
345,erc
346,erc
347,erc
348,erc
349,erc
350,erc
351,erc
352,erc
353,erc
354,erc
355,erc
356,erc
357,erc
358,erc
359,erc
360,erc
361,erc
362,erc
363,erc
364,erc
365,erc
366,erc
367,erc
368,erc
369,erc
370,erc
371,erc
372,erc
373,erc
374,erc
375,erc
376,erc
377,erc
378,erc
379,erc
380,erc
381,erc
382,erc
383,erc
384,erc
385,erc
386,erc
387,erc
388,erc
389,erc
390,erc
391,erc
392,erc
393,erc
394,erc
395,erc
396,erc
397,erc
398,erc
399,erc
400,erc
401,erc
402,erc
403,erc
404,erc
405,erc
406,erc
407,erc
408,erc
409,erc
410,erc
411,erc
412,erc
413,erc
414,erc
415,erc
416,erc
417,erc
418,erc
419,erc
420,erc
421,erc
422,erc
423,erc
424,erc
425,erc
426,erc
427,erc
428,erc
429,erc
430,erc
431,erc
432,erc
433,erc
434,erc
435,erc
436,erc
437,erc
438,erc
439,erc
440,erc
441,erc
442,erc
443,erc
444,erc
445,erc
446,erc
447,erc
448,erc
449,erc
450,erc
451,erc
452,erc
453,erc
454,erc
455,erc
456,erc
457,erc
458,erc
459,erc
460,erc
461,erc
462,erc
463,erc
464,erc
465,erc
466,erc
467,erc
468,erc
469,erc
470,erc
471,erc
472,erc
473,erc
474,erc
475,erc
476,erc
477,erc
478,erc
479,erc
480,erc
481,erc
482,erc
483,erc
484,erc
485,erc
486,erc
487,erc
488,erc
489,erc
490,erc
491,erc
492,erc
493,erc
494,erc
495,erc
496,erc
497,erc
498,erc
499,erc
500,erc
501,erc
502,erc
503,erc
504,erc
505,erc
506,erc
507,erc
508,erc
509,erc
510,erc
511,erc
512,erc
513,erc
514,erc
515,erc
516,erc
517,erc
518,erc
519,erc
520,erc
521,erc
522,erc
523,erc
524,erc
525,erc
526,erc
527,erc
528,erc
529,erc
530,erc
531,erc
532,erc
533,erc
534,erc
535,erc
536,erc
537,erc
538,erc
539,erc
540,erc
541,erc
542,erc
543,erc
544,erc
545,erc
546,erc
547,erc
548,erc
549,erc
550,erc
551,erc
552,erc
553,erc
554,erc
555,erc
556,erc
557,erc
558,erc
559,erc
560,erc
561,erc
562,erc
563,erc
564,erc
565,erc
566,erc
567,erc
568,erc
569,erc
570,erc
571,erc
572,erc
573,erc
574,erc
575,erc
576,erc
577,erc
578,erc
579,erc
580,erc
581,erc
582,erc
583,erc
584,erc
585,erc
586,erc
587,erc
588,erc
589,erc
590,erc
591,erc
592,erc
593,erc
594,erc
595,erc
596,erc
597,erc
598,erc
599,erc
600,erc
601,erc
602,erc
603,erc
604,erc
605,erc
606,erc
607,erc
608,erc
609,erc
610,erc
611,erc
612,erc
613,erc
614,erc
615,erc
616,erc
617,erc
618,erc
619,erc
620,erc
621,erc
622,erc
623,erc
624,erc
625,erc
626,erc
627,erc
628,erc
629,erc
630,erc
631,erc
632,erc
633,erc
634,erc
635,erc
636,erc
637,erc
638,erc
639,erc
640,erc
641,erc
642,erc
643,erc
644,erc
645,erc
646,erc
647,erc
648,erc
649,erc
650,erc
651,erc
652,erc
653,erc
654,erc
655,erc
656,erc
657,erc
658,erc
659,erc
660,erc
661,erc
662,erc
663,erc
664,erc
665,erc
666,erc
667,erc
668,erc
669,erc
670,erc
671,erc
672,erc
673,erc
674,erc
675,erc
676,erc
677,erc
678,erc
679,erc
680,erc
681,erc
682,erc
683,erc
684,erc
685,erc
686,erc
687,erc
688,erc
689,erc
690,erc
691,erc
692,erc
693,erc
694,erc
695,erc
696,erc
697,erc
698,erc
699,erc
700,erc
701,erc
702,erc
703,erc
704,erc
705,erc
706,erc
707,erc
708,erc
709,erc
710,erc
711,erc
712,erc
713,erc
714,erc
715,erc
716,erc
717,erc
718,erc
719,erc
720,erc
721,erc
722,erc
723,erc
724,erc
725,erc
726,erc
727,erc
728,erc
729,erc
730,erc
731,erc
732,erc
733,erc
734,erc
735,erc
736,erc
737,erc
738,erc
739,erc
740,erc
741,erc
742,erc
743,erc
744,erc
745,erc
746,erc
747,erc
748,erc
749,erc
750,erc
751,erc
752,erc
753,erc
754,erc
755,erc
756,erc
757,erc
758,erc
759,erc
760,erc
761,erc
762,erc
763,erc
764,erc
765,erc
766,erc
767,erc
768,erc
769,erc
770,erc
771,erc
772,erc
773,erc
774,erc
775,erc
776,erc
777,erc
778,erc
779,erc
780,erc
781,erc
782,erc
783,erc
784,erc
785,erc
786,erc
787,erc
788,erc
789,erc
790,erc
791,erc
792,erc
793,erc
794,erc
795,erc
796,erc
797,erc
798,erc
799,erc
800,erc
801,erc
802,erc
803,erc
804,erc
805,erc
806,erc
807,erc
808,erc
809,erc
810,erc
811,erc
812,erc
813,erc
814,erc
815,erc
816,erc
817,erc
818,erc
819,erc
820,erc
821,erc
822,erc
823,erc
824,erc
825,erc
826,erc
827,erc
828,erc
829,erc
830,erc
831,erc
832,erc
833,erc
834,erc
835,erc
836,erc
837,erc
838,erc
839,erc
840,erc
841,erc
842,erc
843,erc
844,erc
845,erc
846,erc
847,erc
848,erc
849,erc
850,erc
851,erc
852,erc
853,erc
854,erc
855,erc
856,erc
857,erc
858,erc
859,erc
860,erc
861,erc
862,erc
863,erc
864,erc
865,erc
866,erc
867,erc
868,erc
869,erc
870,erc
871,erc
872,erc
873,erc
874,erc
875,erc
876,erc
877,erc
878,erc
879,erc
880,erc
881,erc
882,erc
883,erc
884,erc
885,erc
886,erc
887,erc
888,erc
889,erc
890,erc
891,erc
892,erc
893,erc
894,erc
895,erc
896,erc
897,erc
898,erc
899,erc
900,erc
901,erc
902,erc
903,erc
904,erc
905,erc
906,erc
907,erc
908,erc
909,erc
910,erc
911,erc
912,erc
913,erc
914,erc
915,erc
916,erc
917,erc
918,erc
919,erc
920,erc
921,erc
922,erc
923,erc
924,erc
925,erc
926,erc
927,erc
928,erc
929,erc
930,erc
931,erc
932,erc
933,erc
934,erc
935,erc
936,erc
937,erc
938,erc
939,erc
940,erc
941,erc
942,erc
943,erc
944,erc
945,erc
946,erc
947,erc
948,erc
949,erc
950,erc
951,erc
952,erc
953,erc
954,erc
955,erc
956,erc
957,erc
958,erc
959,erc
960,erc
961,erc
962,erc
963,erc
964,erc
965,erc
966,erc
967,erc
968,erc
969,erc
970,erc
971,erc
972,erc
973,erc
974,erc
975,erc
976,erc
977,erc
978,erc
979,erc
980,erc
981,erc
982,erc
983,erc
984,erc
985,erc
986,erc
987,erc
988,erc
989,erc
990,erc
991,erc
992,erc
993,erc
994,erc
995,erc
996,erc
997,erc
998,erc
999,erc
1000,erc
1001,erc
1002,erc
1003,erc
1004,erc
1005,erc
1006,erc
1007,erc
1008,erc
1009,erc
1010,erc
1011,erc
1012,erc
1013,erc
1014,erc
1015,erc
1016,erc
1017,erc
1018,erc
1019,erc
1020,erc
1021,erc
1022,erc
1023,erc
1024,erc
1025,erc
1026,erc
1027,erc
1028,erc
1029,erc
1030,erc
1031,erc
1032,erc
1033,erc
1034,erc
1035,erc
1036,erc
1037,erc
1038,erc
1039,erc
1040,erc
1041,erc
1042,erc
1043,erc
1044,erc
1045,erc
1046,erc
1047,erc
1048,erc
1049,erc
1050,erc
1051,erc
1052,erc
1053,erc
1054,erc
1055,erc
1056,erc
1057,erc
1058,erc
1059,erc
1060,erc
1061,erc
1062,erc
1063,erc
1064,erc
1065,erc
1066,erc
1067,erc
1068,erc
1069,erc
1070,erc
1071,erc
1072,erc
1073,erc
1074,erc
1075,erc
1076,erc
1077,erc
1078,erc
1079,erc
1080,erc
1081,erc
1082,erc
1083,erc
1084,erc
1085,erc
1086,erc
1087,erc
1088,erc
1089,erc
1090,erc
1091,erc
1092,erc
1093,erc
1094,erc
1095,erc
1096,erc
1097,erc
1098,erc
1099,erc
1100,erc
1101,erc
1102,erc
1103,erc
1104,erc
1105,erc
1106,erc
1107,erc
1108,erc
1109,erc
1110,erc
1111,erc
1112,erc
1113,erc
1114,erc
1115,erc
1116,erc
1117,erc
1118,erc
1119,erc
1120,erc
1121,erc
1122,erc
1123,erc
1124,erc
1125,erc
1126,erc
1127,erc
1128,erc
1129,erc
1130,erc
1131,erc
1132,erc
1133,erc
1134,erc
1135,erc
1136,erc
1137,erc
1138,erc
1139,erc
1140,erc
1141,erc
1142,erc
1143,erc
1144,erc
1145,erc
1146,erc
1147,erc
1148,erc
1149,erc
1150,erc
1151,erc
1152,erc
1153,erc
1154,erc
1155,erc
1156,erc
1157,erc
1158,erc
1159,erc
1160,erc
1161,erc
1162,erc
1163,erc
1164,erc
1165,erc
1166,erc
1167,erc
1168,erc
1169,erc
1170,erc
1171,erc
1172,erc
1173,erc
1174,erc
1175,erc
1176,erc
1177,erc
1178,erc
1179,erc
1180,erc
1181,erc
1182,erc
1183,erc
1184,erc
1185,erc
1186,erc
1187,erc
1188,erc
1189,erc
1190,erc
1191,erc
1192,erc
1193,erc
1194,erc
1195,erc
1196,erc
1197,erc
1198,erc
1199,erc
1200,erc
1201,erc
1202,erc
1203,erc
1204,erc
1205,erc
1206,erc
1207,erc
1208,erc
1209,erc
1210,erc
1211,erc
1212,erc
1213,erc
1214,erc
1215,erc
1216,erc
1217,erc
1218,erc
1219,erc
1220,erc
1221,erc
1222,erc
1223,erc
1224,erc
1225,erc
1226,erc
1227,erc
1228,erc
1229,erc
1230,erc
1231,erc
1232,erc
1233,erc
1234,erc
1235,erc
1236,erc
1237,erc
1238,erc
1239,erc
1240,erc
1241,erc
1242,erc
1243,erc
1244,erc
1245,erc
1246,erc
1247,erc
1248,erc
1249,erc
1250,erc
1251,erc
1252,erc
1253,erc
1254,erc
1255,erc
1256,erc
1257,erc
1258,erc
1259,erc
1260,erc
1261,erc
1262,erc
1263,erc
1264,erc
1265,erc
1266,erc
1267,erc
1268,erc
1269,erc
1270,erc
1271,erc
1272,erc
1273,erc
1274,erc
1275,erc
1276,erc
1277,erc
1278,erc
1279,erc
1280,erc
1281,erc
1282,erc
1283,erc
1284,erc
1285,erc
1286,erc
1287,erc
1288,erc
1289,erc
1290,erc
1291,erc
1292,erc
1293,erc
1294,erc
1295,erc
1296,erc
1297,erc
1298,erc
1299,erc
1300,erc
1301,erc
1302,erc
1303,erc
1304,erc
1305,erc
1306,erc
1307,erc
1308,erc
1309,erc
1310,erc
1311,erc
1312,erc
1313,erc
1314,erc
1315,erc
1316,erc
1317,erc
1318,erc
1319,erc
1320,erc
1321,erc
1322,erc
1323,erc
1324,erc
1325,erc
1326,erc
1327,erc
1328,erc
1329,erc
1330,erc
1331,erc
1332,erc
1333,erc
1334,erc
1335,erc
1336,erc
1337,erc
1338,erc
1339,erc
1340,erc
1341,erc
1342,erc
1343,erc
1344,erc
1345,erc
1346,erc
1347,erc
1348,erc
1349,erc
1350,erc
1351,erc
1352,erc
1353,erc
1354,erc
1355,erc
1356,erc
1357,erc
1358,erc
1359,erc
1360,erc
1361,erc
1362,erc
1363,erc
1364,erc
1365,erc
1366,erc
1367,erc
1368,erc
1369,erc
1370,erc
1371,erc
1372,erc
1373,erc
1374,erc
1375,erc
1376,erc
1377,erc
1378,erc
1379,erc
1380,erc
1381,erc
1382,erc
1383,erc
1384,erc
1385,erc
1386,erc
1387,erc
1388,erc
1389,erc
1390,erc
1391,erc
1392,erc
1393,erc
1394,erc
1395,erc
1396,erc
1397,erc
1398,erc
1399,erc
1400,erc
1401,erc
1402,erc
1403,erc
1404,erc
1405,erc
1406,erc
1407,erc
1408,erc
1409,erc
1410,erc
1411,erc
1412,erc
1413,erc
1414,erc
1415,erc
1416,erc
1417,erc
1418,erc
1419,erc
1420,erc
1421,erc
1422,erc
1423,erc
1424,erc
1425,erc
1426,erc
1427,erc
1428,erc
1429,erc
1430,erc
1431,erc
1432,erc
1433,erc
1434,erc
1435,erc
1436,erc
1437,erc
1438,erc
1439,erc
1440,erc
1441,erc
1442,erc
1443,erc
1444,erc
1445,erc
1446,erc
1447,erc
1448,erc
1449,erc
1450,erc
1451,erc
1452,erc
1453,erc
1454,erc
1455,erc
1456,erc
1457,erc
1458,erc
1459,erc
1460,erc
1461,erc
1462,erc
1463,erc
1464,erc
1465,erc
1466,erc
1467,erc
1468,erc
1469,erc
1470,erc
1471,erc
1472,erc
1473,erc
1474,erc
1475,erc
1476,erc
1477,erc
1478,erc
1479,erc
1480,erc
1481,erc
1482,erc
1483,erc
1484,erc
1485,erc
1486,erc
1487,erc
1488,erc
1489,erc
1490,erc
1491,erc
1492,erc
1493,erc
1494,erc
1495,erc
1496,erc
1497,erc
1498,erc
1499,erc
1500,erc
1501,erc
1502,erc
1503,erc
1504,erc
1505,erc
1506,erc
1507,erc
1508,erc
1509,erc
1510,erc
1511,erc
1512,erc
1513,erc
1514,erc
1515,erc
1516,erc
1517,erc
1518,erc
1519,erc
1520,erc
1521,erc
1522,erc
1523,erc
1524,erc
1525,erc
1526,erc
1527,erc
1528,erc
1529,erc
1530,erc
1531,erc
1532,erc
1533,erc
1534,erc
1535,erc
1536,erc
1537,erc
1538,erc
1539,erc
1540,erc
1541,erc
1542,erc
1543,erc
1544,erc
1545,erc
1546,erc
1547,erc
1548,erc
1549,erc
1550,erc
1551,erc
1552,erc
1553,erc
1554,erc
1555,erc
1556,erc
1557,erc
1558,erc
1559,erc
1560,erc
1561,erc
1562,erc
1563,erc
1564,erc
1565,erc
1566,erc
1567,erc
1568,erc
1569,erc
1570,erc
1571,erc
1572,erc
1573,erc
1574,erc
1575,erc
1576,erc
1577,erc
1578,erc
1579,erc
1580,erc
1581,erc
1582,erc
1583,erc
1584,erc
1585,erc
1586,erc
1587,erc
1588,erc
1589,erc
1590,erc
1591,erc
1592,erc
1593,erc
1594,erc
1595,erc
1596,erc
1597,erc
1598,erc
1599,erc
1600,erc
1601,erc
1602,erc
1603,erc
1604,erc
1605,erc
1606,erc
1607,erc
1608,erc
1609,erc
1610,erc
1611,erc
1612,erc
1613,erc
1614,erc
1615,erc
1616,erc
1617,erc
1618,erc
1619,erc
1620,erc
1621,erc
1622,erc
1623,erc
1624,erc
1625,erc
1626,erc
1627,erc
1628,erc
1629,erc
1630,erc
1631,erc
1632,erc
1633,erc
1634,erc
1635,erc
1636,erc
1637,erc
1638,erc
1639,erc
1640,erc
1641,erc
1642,erc
1643,erc
1644,erc
1645,erc
1646,erc
1647,erc
1648,erc
1649,erc
1650,erc
1651,erc
1652,erc
1653,erc
1654,erc
1655,erc
1656,erc
1657,erc
1658,erc
1659,erc
1660,erc
1661,erc
1662,erc
1663,erc
1664,erc
1665,erc
1666,erc
1667,erc
1668,erc
1669,erc
1670,erc
1671,erc
1672,erc
1673,erc
1674,erc
1675,erc
1676,erc
1677,erc
1678,erc
1679,erc
1680,erc
1681,erc
1682,erc
1683,erc
1684,erc
1685,erc
1686,erc
1687,erc
1688,erc
1689,erc
1690,erc
1691,erc
1692,erc
1693,erc
1694,erc
1695,erc
1696,erc
1697,erc
1698,erc
1699,erc
1700,erc
1701,erc
1702,erc
1703,erc
1704,erc
1705,erc
1706,erc
1707,erc
1708,erc
1709,erc
1710,erc
1711,erc
1712,erc
1713,erc
1714,erc
1715,erc
1716,erc
1717,erc
1718,erc
1719,erc
1720,erc
1721,erc
1722,erc
1723,erc
1724,erc
1725,erc
1726,erc
1727,erc
1728,erc
1729,erc
1730,erc
1731,erc
1732,erc
1733,erc
1734,erc
1735,erc
1736,erc
1737,erc
1738,erc
1739,erc
1740,erc
1741,erc
1742,erc
1743,erc
1744,erc
1745,erc
1746,erc
1747,erc
1748,erc
1749,erc
1750,erc
1751,erc
1752,erc
1753,erc
1754,erc
1755,erc
1756,erc
1757,erc
1758,erc
1759,erc
1760,erc
1761,erc
1762,erc
1763,erc
1764,erc
1765,erc
1766,erc
1767,erc
1768,erc
1769,erc
1770,erc
1771,erc
1772,erc
1773,erc
1774,erc
1775,erc
1776,erc
1777,erc
1778,erc
1779,erc
1780,erc
1781,erc
1782,erc
1783,erc
1784,erc
1785,erc
1786,erc
1787,erc
1788,erc
1789,erc
1790,erc
1791,erc
1792,erc
1793,erc
1794,erc
1795,erc
1796,erc
1797,erc
1798,erc
1799,erc
1800,erc
1801,erc
1802,erc
1803,erc
1804,erc
